EAN,Product Name,Price
5701706958729,Ready Game,119.77
7967373208651,Have Table,20.19
2848226102980,Place Whose,556.3
6732990031514,Moment Popular,123.24
8840878722527,Deep Suffer,364.85
9598736069749,Several Fact,749.56
8650632889829,Skill Blue,997.23
6355058233974,Trip Anyone,243.17
4319291198256,Building Claim,118.0
9848724219947,Street Trouble,635.59
7488840271508,Bring Goal,547.06
1064895293939,Until Hospital,868.62
1691653372898,Minute Bill,849.8
6083449042903,Accept Reason,784.14
9704570663672,These Above,43.97
3620332834790,Moment Avoid,915.06
9163975658841,Agent Site,884.82
7372903543438,Require Class,908.13
7159388024511,Across Member,58.75
1942947304331,Standard Institution,675.02
1787041489214,Market Morning,436.51
6948042739622,Quality Analysis,604.77
2817777764657,Eye Machine,928.48
1038499987280,Mother Responsibility,370.72
3611401718721,Thing Scene,981.34
0407537265771,Rather Interview,444.01
5382055971944,Simply Direction,965.24
4209915944829,Guess Tree,488.55
9864577171171,Letter Window,657.12
7334258309282,Factor Everybody,892.96
8558571051553,Major Group,209.22
7009974234582,Answer First,759.98
1238939938388,Simply Push,808.48
4243353842637,Go Thank,482.9
5362618877722,Them Budget,377.89
3706665192216,Different Camera,870.29
0333899499106,Short Land,663.57
6800238383784,Blood Car,848.25
3596799210425,Total Past,928.49
4227639840159,Throughout Official,809.26
7041936207098,Painting Agreement,799.15
6717797826082,Maintain Stuff,225.81
7502209996113,Left Response,60.79
2338028065908,So Modern,321.31
0541992186551,Huge Live,380.33
4605657189038,Thing Term,607.04
5997257721121,Hope President,417.97
1302381213451,Nation Debate,300.56
9071327057849,Popular Road,812.06
8870081921455,Admit Yourself,871.25
1607239328760,Black Any,248.02
8245168179263,Quickly Party,635.63
0281074358321,Fire Seat,923.29
3768305338095,City Land,225.41
9366911080519,Inside Everything,558.45
3161581111114,Affect Similar,887.25
4345980679249,Address Find,88.27
7340046609656,Sometimes Above,61.55
6972402006895,She Start,858.22
6150599505418,Practice Form,112.47
6592911399426,Test Player,572.52
7302034852932,Rate Sea,972.01
1765295135972,Catch Political,406.96
1680375342074,Where Office,460.35
8548522538202,Seat Sense,195.27
0280917811757,Cover Particularly,863.32
2727829482845,Instead How,376.85
9543544618092,Identify Laugh,125.4
5225506841864,All Major,744.02
9224683276762,Somebody Animal,857.8
6943763596110,Under Culture,967.97
1412731851667,Specific Wind,285.03
5183780179830,Than Glass,31.89
9595946088003,Son Language,120.17
5780514159740,Cold Live,303.08
3363947768820,Huge Buy,506.27
0050355610133,Employee Experience,37.69
0520306268404,Nice Brother,567.63
1550846607349,Small Mention,613.36
3870417048615,History Per,940.0
9154094081337,Right Popular,548.6
9315586247031,Room Real,109.5
2397619216280,Culture Between,642.61
3768824829043,Left Social,618.44
5019723944992,Back Second,343.85
6765751264012,Crime Reveal,676.52
1675180115081,Consider Reduce,502.09
7978907780802,Event Task,857.93
5246861142977,Hand Look,767.06
0708145019313,Statement Enter,437.72
2944846627572,Feeling Movie,780.13
9856941015907,Place Public,776.84
3809317383304,Heart Company,870.52
0219670093599,Miss Serve,962.46
3927063118169,Degree Government,794.03
0948537123208,Manager Soldier,433.06
3880461652461,Relationship Scientist,376.69
6638884787270,Shake Not,58.11
0597306412564,Up Law,868.57
8943632900046,First During,905.06
9795211360791,Security Because,240.03
8608390854405,Reflect Everyone,228.99
7696840170343,Beat Industry,491.29
7468686105274,Peace She,130.94
9079930324761,Behavior Future,877.29
9679357158989,Western Land,599.9
3690641829527,Life Now,272.0
4127345066990,Less Type,112.64
5595561012678,Fear Usually,316.92
1259622644843,Forget Anything,121.96
9706885339242,Old Bill,814.57
3171575343803,Approach Financial,731.15
9049126420683,Trip Anyone,766.42
1319177421648,Listen Tell,47.0
7040248882726,Either Increase,689.79
3820499208063,Either Place,914.09
4433296629741,Financial Morning,769.18
3759872529382,Answer After,965.1
6028860653277,Leader Firm,117.61
7534348835527,Term Ready,837.57
2987405237102,Learn Now,47.76
6450206583656,Wait Woman,951.93
8397979755249,Newspaper Deep,435.69
1392047846475,Visit Return,171.92
2426858607839,Design Since,398.5
7575627147191,Poor Them,596.2
8199788294311,Bar Crime,279.89
3632690871331,Order Worry,175.52
6157468875313,Live Let,874.35
9072500755163,Reflect Product,570.74
1696970570743,Rate Look,819.41
1225942668746,Large Pull,41.68
0327866374398,Red Within,236.85
1779478704558,Central Certain,191.27
1420021783130,Turn Reach,455.06
5818018736874,Rest Kitchen,252.45
3865945533139,Surface Garden,937.61
2552691796826,Able Chance,409.03
2108211492930,Really Every,732.35
9233752292701,Heavy Bank,849.27
8364102497871,Boy Throw,207.41
1272307960243,Late Remain,969.43
3836959381337,Thank Response,728.37
8171965720295,Return Gas,372.9
0272897938579,Thing Policy,157.61
9191813381712,Garden Try,180.35
1733305448572,To Pull,161.23
6096545441273,Memory Policy,43.38
6785001665116,Must Certain,796.73
3606948487322,Mrs Up,711.36
6736871354785,Institution Chance,468.66
6979356497373,Marriage Answer,812.62
0169917762545,Early Tough,408.15
4106706031815,Market Thank,621.55
0494789810101,Stand Up,815.49
4008093361301,Decision Decision,480.34
0642680449979,Property Science,650.19
1936160669933,Western Threat,378.89
3278899186656,With Production,142.51
5300692173712,Commercial Study,46.56
8804958180874,Return Enough,48.43
7573868769615,Than Current,69.67
5744317973453,Begin Strong,160.21
1640379720926,State These,344.73
3408202655429,Sense Natural,847.9
3150217222959,Else Become,42.15
5714955295491,Throw Enjoy,767.21
3181252658595,Tough Respond,622.17
8395715257880,Toward Eat,346.48
2644968892956,Instead Human,82.75
4976282700661,Natural Candidate,213.96
7177302667989,Leg Want,847.74
6434793353946,Ready Movement,275.14
8533644721793,Heart Plant,35.84
2358288637332,Concern Because,235.56
1450415512725,Call Push,994.99
4284039683397,South Which,973.98
4772078135200,Address Heavy,655.28
7768088634069,Work Magazine,597.03
6796956955443,Action Big,999.37
8417760395956,Center Garden,183.05
7653933946384,Much Decade,882.41
3029246977812,Official Cultural,725.6
0396488722221,Cost Attack,519.71
9163400803365,Wear Turn,995.06
6524786855462,Hotel Dinner,399.0
3181804219649,Cold Attack,848.74
4532917452963,South Process,799.76
8704158897780,With Recently,280.55
1995901989303,Run Go,511.11
8559254863760,Wonder Cell,152.49
2015356792927,Paper All,203.15
7621685842285,Worry Center,679.05
5349760019842,Magazine Travel,838.43
0839734698463,Happy Hair,793.51
3213648494941,Similar You,26.15
4113827796370,May Note,589.17
8334303232953,Mean Enjoy,188.92
2211543647593,Part Hold,540.21
7264131239095,Available Society,142.18
